Format,DataType,Size,Save,Load,FileSize (KB)
pd_json_records,category,1000,0.006449175,0.384188795,25.28
pd_json_records,float64,1000,0.007800198,0.19209938,30.53
pd_json_records,text,1000,0.005232811,0.379734802,21.38
pd_json_records,ones,1000,0.004770184,0.342230988,16.5
pd_json_records,int64,1000,0.004967022,0.343470001,22.72
pd_json_records,datetime64,1000,0.01215682,0.345873785,34.07
pd_json_records,floatToInt,1000,0.004895163,0.342995214,26.98
pd_json_records,roundFloat,1000,0.007951975,0.192942762,27.88
cPickle,category,1000,0.003679609,0.002901173,5.14
cPickle,float64,1000,0.007191801,0.006085587,24.23
cPickle,text,1000,0.00764761,0.006813812,14.58
cPickle,ones,1000,0.006995821,0.004560804,16.57
cPickle,int64,1000,0.008585405,0.007158375,29.8
cPickle,datetime64,1000,0.008024597,0.006809568,27.75
cPickle,floatToInt,1000,0.005234814,0.004191208,14.39
cPickle,roundFloat,1000,0.007250214,0.005875206,23.09
pd_msgpack_blosc,category,1000,0.00246563,0.002967596,1.68
pd_msgpack_blosc,float64,1000,0.002612972,0.001922607,7.94
pd_msgpack_blosc,text,1000,0.003453588,0.002328205,6.19
pd_msgpack_blosc,ones,1000,0.002303362,0.001848793,0.42
pd_msgpack_blosc,int64,1000,0.002771187,0.00193162,5.8
pd_msgpack_blosc,datetime64,1000,0.002241993,0.001905823,2.81
pd_msgpack_blosc,floatToInt,1000,0.003787422,0.001873398,3.6
pd_msgpack_blosc,roundFloat,1000,0.003591394,0.001907015,7.89
gzPickleV2,category,1000,0.013700581,0.0079772,1.46
gzPickleV2,float64,1000,0.011832809,0.006044817,8.16
gzPickleV2,text,1000,0.079928589,0.047282028,3.81
gzPickleV2,ones,1000,0.010053587,0.00561676,0.56
gzPickleV2,int64,1000,0.020284796,0.005967379,4.19
gzPickleV2,datetime64,1000,0.017483807,0.006281567,5.37
gzPickleV2,floatToInt,1000,0.011042786,0.005877209,3.68
gzPickleV2,roundFloat,1000,0.012044191,0.006035805,4.28
pd_msgpack_zlib,category,1000,0.002884626,0.003297758,1.29
pd_msgpack_zlib,float64,1000,0.00456481,0.002265024,7.84
pd_msgpack_zlib,text,1000,0.003485203,0.002343798,6.17
pd_msgpack_zlib,ones,1000,0.002417183,0.00183382,0.34
pd_msgpack_zlib,int64,1000,0.004685402,0.001984167,3.9
pd_msgpack_zlib,datetime64,1000,0.004852629,0.002040195,5.04
pd_msgpack_zlib,floatToInt,1000,0.003443623,0.002178383,3.36
pd_msgpack_zlib,roundFloat,1000,0.004584599,0.001990604,3.99
pd_msgpack,category,1000,0.002499819,0.002924824,1.62
pd_msgpack,float64,1000,0.002857399,0.00183363,8.12
pd_msgpack,text,1000,0.002906179,0.00230999,6.16
pd_msgpack,ones,1000,0.002828598,0.001762581,4.2
pd_msgpack,int64,1000,0.002705765,0.001827383,8.11
pd_msgpack,datetime64,1000,0.002324009,0.001836586,8.13
pd_msgpack,floatToInt,1000,0.002809572,0.001792812,4.21
pd_msgpack,roundFloat,1000,0.002750444,0.001832008,8.12
pd_Pickle,category,1000,0.002187586,0.001961803,1.97
pd_Pickle,float64,1000,0.002441168,0.001523209,8.47
pd_Pickle,text,1000,0.005382776,0.003986788,10.76
pd_Pickle,ones,1000,0.00237999,0.001472807,4.56
pd_Pickle,int64,1000,0.003464794,0.001540995,8.47
pd_Pickle,datetime64,1000,0.002386618,0.001634216,8.49
pd_Pickle,floatToInt,1000,0.002059603,0.001469183,4.57
pd_Pickle,roundFloat,1000,0.002344179,0.001497984,8.48
PickleV0,category,1000,0.00638423,0.005054045,5.3
PickleV0,float64,1000,0.009973431,0.004244423,24.34
PickleV0,text,1000,0.027924204,0.026583815,14.71
PickleV0,ones,1000,0.008049202,0.003943443,16.68
PickleV0,int64,1000,0.011325979,0.004406786,29.91
PickleV0,datetime64,1000,0.010570002,0.004487371,27.88
PickleV0,floatToInt,1000,0.008295584,0.003888798,14.5
PickleV0,roundFloat,1000,0.009725809,0.00417943,23.2
PickleV1,category,1000,0.005984783,0.004051018,2.13
PickleV1,float64,1000,0.005468988,0.00303421,8.61
PickleV1,text,1000,0.028191376,0.015642405,10.96
PickleV1,ones,1000,0.0050488,0.002991009,4.7
PickleV1,int64,1000,0.005516195,0.003009796,8.6
PickleV1,datetime64,1000,0.0061028,0.003127432,8.63
PickleV1,floatToInt,1000,0.005030012,0.002989817,4.7
PickleV1,roundFloat,1000,0.005506039,0.003014994,8.61
PickleV2,category,1000,0.005908203,0.003728199,2.03
PickleV2,float64,1000,0.006205988,0.002776384,8.52
PickleV2,text,1000,0.027789974,0.015482807,10.87
PickleV2,ones,1000,0.004753208,0.00275979,4.62
PickleV2,int64,1000,0.006100178,0.002820396,8.52
PickleV2,datetime64,1000,0.005776787,0.0028862,8.55
PickleV2,floatToInt,1000,0.004756403,0.002754021,4.62
PickleV2,roundFloat,1000,0.006137228,0.002778959,8.53
pd_hdf5_table,category,1000,0.206710768,0.097078228,176.31
pd_hdf5_table,float64,1000,0.067777634,0.036468792,82.44
pd_hdf5_table,text,1000,0.068614006,0.037109804,82.38
pd_hdf5_table,ones,1000,0.067223597,0.03642664,82.42
pd_hdf5_table,int64,1000,0.067466021,0.036401606,82.43
pd_hdf5_table,datetime64,1000,0.067138195,0.036520004,82.44
pd_hdf5_table,floatToInt,1000,0.067116404,0.036450815,82.43
pd_hdf5_table,roundFloat,1000,0.068789816,0.036431789,82.44
pd_json_split,category,1000,0.005682802,0.383228016,25.28
pd_json_split,float64,1000,0.007750797,0.194294834,30.53
pd_json_split,text,1000,0.003865433,0.383885193,21.38
pd_json_split,ones,1000,0.004951191,0.346632576,16.5
pd_json_split,int64,1000,0.005016804,0.346219587,22.72
pd_json_split,datetime64,1000,0.012164783,0.34910078,34.07
pd_json_split,floatToInt,1000,0.006005192,0.346957207,26.98
pd_json_split,roundFloat,1000,0.007827616,0.195052624,27.88
pd_csv,category,1000,0.008544588,0.006293583,8.69
pd_csv,float64,1000,0.010645771,0.006673574,18.66
pd_csv,text,1000,0.007961798,0.006684017,8.69
pd_csv,ones,1000,0.007292223,0.006126022,5.76
pd_csv,int64,1000,0.009372997,0.00655098,11.01
pd_csv,datetime64,1000,0.028917599,0.009221029,33.11
pd_csv,floatToInt,1000,0.008334637,0.00656004,10.39
pd_csv,roundFloat,1000,0.010006428,0.006050968,11.29
pd_json_index,category,1000,0.004491234,0.382890987,25.28
pd_json_index,float64,1000,0.007705212,0.194028807,30.53
pd_json_index,text,1000,0.004039431,0.383781195,21.38
pd_json_index,ones,1000,0.004139805,0.34662137,16.5
pd_json_index,int64,1000,0.00532279,0.347098827,22.72
pd_json_index,datetime64,1000,0.012149763,0.349036407,34.07
pd_json_index,floatToInt,1000,0.004736805,0.346835804,26.98
pd_json_index,roundFloat,1000,0.008656597,0.194164991,27.88
pd_hdf5_fixed,category,1000,,,
pd_hdf5_fixed,float64,1000,0.031724215,0.024487829,22.66
pd_hdf5_fixed,text,1000,0.073646402,0.0272614,1051.08
pd_hdf5_fixed,ones,1000,0.031457996,0.024429035,18.76
pd_hdf5_fixed,int64,1000,0.030056,0.024456978,22.66
pd_hdf5_fixed,datetime64,1000,0.030486202,0.025496197,22.66
pd_hdf5_fixed,floatToInt,1000,0.030413389,0.024460793,18.76
pd_hdf5_fixed,roundFloat,1000,0.029864407,0.024446821,22.66
lzmaPickleV2,category,1000,0.042269421,0.005784607,1.81
lzmaPickleV2,float64,1000,0.071765995,0.007796192,10.44
lzmaPickleV2,text,1000,0.070477772,0.0250144,1.81
lzmaPickleV2,ones,1000,0.044227171,0.004473591,0.71
lzmaPickleV2,int64,1000,0.095574427,0.006343365,5.23
lzmaPickleV2,datetime64,1000,0.081958628,0.007315397,6.89
lzmaPickleV2,floatToInt,1000,0.057447577,0.005552387,4.55
lzmaPickleV2,roundFloat,1000,0.072249985,0.006044006,5.34
pd_json_records,category,5000,0.017819977,1.885972977,130.75
pd_json_records,float64,5000,0.036861801,0.936434031,157.1
pd_json_records,text,5000,0.023834181,1.895641422,111.22
pd_json_records,ones,5000,0.015725231,1.718031168,86.81
pd_json_records,int64,5000,0.023057365,1.704869413,117.99
pd_json_records,datetime64,5000,0.058755779,1.708416986,174.7
pd_json_records,floatToInt,5000,0.021959829,1.705788803,139.17
pd_json_records,roundFloat,5000,0.03718996,0.934849405,143.48
cPickle,category,5000,0.009895229,0.006109571,19.85
cPickle,float64,5000,0.025776005,0.023675823,116.63
cPickle,text,5000,0.032036018,0.028969622,73.17
cPickle,ones,5000,0.020742035,0.016379213,79.07
cPickle,int64,5000,0.036357403,0.029156208,145.2
cPickle,datetime64,5000,0.030063772,0.02736721,135
cPickle,floatToInt,5000,0.017689562,0.014547968,68.01
cPickle,roundFloat,5000,0.024155998,0.022747612,111.53
pd_msgpack_blosc,category,5000,0.003897429,0.003197432,5.55
pd_msgpack_blosc,float64,5000,0.006829786,0.002431583,38.09
pd_msgpack_blosc,text,5000,0.008938217,0.004948187,29.63
pd_msgpack_blosc,ones,5000,0.003030014,0.001989031,0.48
pd_msgpack_blosc,int64,5000,0.005191422,0.002519417,27.46
pd_msgpack_blosc,datetime64,5000,0.004025412,0.002252579,8.26
pd_msgpack_blosc,floatToInt,5000,0.004086399,0.002203608,15.85
pd_msgpack_blosc,roundFloat,5000,0.005816984,0.002579021,37.76
gzPickleV2,category,5000,0.014744377,0.008259773,4.03
gzPickleV2,float64,5000,0.019413424,0.007147408,38.19
gzPickleV2,text,5000,0.505552578,0.21649642,15.75
gzPickleV2,ones,5000,0.011143398,0.005874395,0.6
gzPickleV2,int64,5000,0.143989611,0.006918812,18.24
gzPickleV2,datetime64,5000,0.151867247,0.007278776,24.08
gzPickleV2,floatToInt,5000,0.016601229,0.006501579,15.47
gzPickleV2,roundFloat,5000,0.037334824,0.006933975,18.13
pd_msgpack_zlib,category,5000,0.003059006,0.003222609,3.72
pd_msgpack_zlib,float64,5000,0.011558008,0.003072596,37.85
pd_msgpack_zlib,text,5000,0.008583784,0.005105019,29.61
pd_msgpack_zlib,ones,5000,0.002961206,0.001980209,0.35
pd_msgpack_zlib,int64,5000,0.021539974,0.002727175,17.92
pd_msgpack_zlib,datetime64,5000,0.0203866,0.002909803,23.76
pd_msgpack_zlib,floatToInt,5000,0.007900572,0.002485371,15.14
pd_msgpack_zlib,roundFloat,5000,0.021877384,0.002764797,17.85
pd_msgpack,category,5000,0.002058792,0.003091812,5.53
pd_msgpack,float64,5000,0.003855181,0.002074385,39.37
pd_msgpack,text,5000,0.008051205,0.004861212,29.6
pd_msgpack,ones,5000,0.003232193,0.001940393,19.83
pd_msgpack,int64,5000,0.004024172,0.002136612,39.36
pd_msgpack,datetime64,5000,0.003810215,0.002088213,39.38
pd_msgpack,floatToInt,5000,0.002833986,0.001941395,19.83
pd_msgpack,roundFloat,5000,0.003853607,0.002073002,39.37
pd_Pickle,category,5000,0.002783823,0.002027845,5.88
pd_Pickle,float64,5000,0.003956604,0.001697826,39.72
pd_Pickle,text,5000,0.018849802,0.013945389,53.74
pd_Pickle,ones,5000,0.003424215,0.001790619,20.19
pd_Pickle,int64,5000,0.004204845,0.001683807,39.72
pd_Pickle,datetime64,5000,0.003955412,0.001740026,39.74
pd_Pickle,floatToInt,5000,0.003633976,0.001579618,20.2
pd_Pickle,roundFloat,5000,0.00416398,0.001694584,39.73
PickleV0,category,5000,0.01072402,0.005448627,20
PickleV0,float64,5000,0.027699184,0.007140779,116.74
PickleV0,text,5000,0.120985603,0.120964384,73.3
PickleV0,ones,5000,0.023257017,0.005747223,79.18
PickleV0,int64,5000,0.041114998,0.008054972,145.31
PickleV0,datetime64,5000,0.033270645,0.007974243,135.13
PickleV0,floatToInt,5000,0.019915199,0.005630779,68.12
PickleV0,roundFloat,5000,0.027234364,0.006921005,111.64
PickleV1,category,5000,0.007886219,0.004420233,6.04
PickleV1,float64,5000,0.006929827,0.003170013,39.86
PickleV1,text,5000,0.121252012,0.0686028,53.93
PickleV1,ones,5000,0.006636,0.003052425,20.32
PickleV1,int64,5000,0.006672621,0.003158188,39.85
PickleV1,datetime64,5000,0.007147169,0.003261995,39.88
PickleV1,floatToInt,5000,0.006697798,0.003077984,20.33
PickleV1,roundFloat,5000,0.008170033,0.003230619,39.86
PickleV2,category,5000,0.006898403,0.003829241,5.94
PickleV2,float64,5000,0.008564806,0.002940798,39.77
PickleV2,text,5000,0.122760439,0.069021988,53.84
PickleV2,ones,5000,0.006030416,0.002865982,20.24
PickleV2,int64,5000,0.006639433,0.0029706,39.77
PickleV2,datetime64,5000,0.006963587,0.003051805,39.8
PickleV2,floatToInt,5000,0.005636787,0.002876568,20.25
PickleV2,roundFloat,5000,0.007206631,0.002944183,39.78
pd_hdf5_table,category,5000,0.187135792,0.098697805,177.89
pd_hdf5_table,float64,5000,0.076142359,0.037160206,148.02
pd_hdf5_table,text,5000,0.077945757,0.039588976,83.96
pd_hdf5_table,ones,5000,0.073959398,0.036931801,84
pd_hdf5_table,int64,5000,0.076112604,0.037189198,148.01
pd_hdf5_table,datetime64,5000,0.075594616,0.037292576,148.02
pd_hdf5_table,floatToInt,5000,0.072120619,0.037089205,84.01
pd_hdf5_table,roundFloat,5000,0.075887012,0.037147999,148.02
pd_json_split,category,5000,0.018015814,1.907216978,130.75
pd_json_split,float64,5000,0.037097788,0.946667576,157.1
pd_json_split,text,5000,0.01726861,1.906980371,111.22
pd_json_split,ones,5000,0.01585722,1.719907379,86.81
pd_json_split,int64,5000,0.023281193,1.719302225,117.99
pd_json_split,datetime64,5000,0.05909996,1.738239193,174.7
pd_json_split,floatToInt,5000,0.022038412,1.742412996,139.17
pd_json_split,roundFloat,5000,0.037449217,0.941687775,143.48
pd_csv,category,5000,0.031381989,0.014590597,47.75
pd_csv,float64,5000,0.043056393,0.019881392,97.4
pd_csv,text,5000,0.029594994,0.017451239,47.75
pd_csv,ones,5000,0.028734016,0.016069365,33.1
pd_csv,int64,5000,0.033833599,0.0188622,59.4
pd_csv,datetime64,5000,0.133959579,0.028980017,169.83
pd_csv,floatToInt,5000,0.03300662,0.01871438,56.17
pd_csv,roundFloat,5000,0.038406801,0.015948391,60.48
pd_json_index,category,5000,0.01801362,1.902287769,130.75
pd_json_index,float64,5000,0.037135601,0.942505407,157.1
pd_json_index,text,5000,0.017496014,1.90286417,111.22
pd_json_index,ones,5000,0.015846205,1.720655203,86.81
pd_json_index,int64,5000,0.023265171,1.718864393,117.99
pd_json_index,datetime64,5000,0.059114027,1.729104185,174.7
pd_json_index,floatToInt,5000,0.022083616,1.716014385,139.17
pd_json_index,roundFloat,5000,0.037400579,0.941207218,143.48
pd_hdf5_fixed,category,5000,,,
pd_hdf5_fixed,float64,5000,0.037163401,0.024966192,85.16
pd_hdf5_fixed,text,5000,0.084073782,0.032164001,1125.3
pd_hdf5_fixed,ones,5000,0.03337841,0.024896812,65.63
pd_hdf5_fixed,int64,5000,0.034482002,0.025019598,85.16
pd_hdf5_fixed,datetime64,5000,0.0360816,0.025304794,85.16
pd_hdf5_fixed,floatToInt,5000,0.03394537,0.024963379,65.63
pd_hdf5_fixed,roundFloat,5000,0.034349775,0.02499299,85.16
lzmaPickleV2,category,5000,0.079373789,0.007312584,4.82
lzmaPickleV2,float64,5000,0.26773777,0.021856594,47.59
lzmaPickleV2,text,5000,0.243737984,0.110905409,5.31
lzmaPickleV2,ones,5000,0.089842606,0.006716204,0.74
lzmaPickleV2,int64,5000,0.420950413,0.016442823,21.61
lzmaPickleV2,datetime64,5000,0.352487612,0.020679998,31.57
lzmaPickleV2,floatToInt,5000,0.17917223,0.011480999,18.08
lzmaPickleV2,roundFloat,5000,0.26441679,0.013620615,21.58
pd_json_records,category,10000,0.035552597,3.78278904,262.59
pd_json_records,float64,10000,0.076543188,1.872137213,315.21
pd_json_records,text,10000,0.034031391,3.78064456,223.53
pd_json_records,ones,10000,0.032293844,3.419542789,174.7
pd_json_records,int64,10000,0.045715618,3.420950794,237.02
pd_json_records,datetime64,10000,0.117052984,3.434701395,350.48
pd_json_records,floatToInt,10000,0.043479395,3.416575575,279.38
pd_json_records,roundFloat,10000,0.074250793,1.872974586,288.32
cPickle,category,10000,0.012032604,0.009301996,38.27
cPickle,float64,10000,0.047102594,0.045706034,232.23
cPickle,text,10000,0.064493799,0.057413006,146.46
cPickle,ones,10000,0.03864522,0.031105995,157.19
cPickle,int64,10000,0.065516615,0.05633359,289.1
cPickle,datetime64,10000,0.058670759,0.052882385,269.19
cPickle,floatToInt,10000,0.029480028,0.027386045,135.25
cPickle,roundFloat,10000,0.042416382,0.043725204,222.29
pd_msgpack_blosc,category,10000,0.005699396,0.003388596,10.19
pd_msgpack_blosc,float64,10000,0.010902405,0.002919817,75.8
pd_msgpack_blosc,text,10000,0.014447021,0.008722019,58.92
pd_msgpack_blosc,ones,10000,0.003371811,0.002101612,0.56
pd_msgpack_blosc,int64,10000,0.007542229,0.003239822,54.47
pd_msgpack_blosc,datetime64,10000,0.003369999,0.002534771,8.41
pd_msgpack_blosc,floatToInt,10000,0.006114388,0.002541399,31.17
pd_msgpack_blosc,roundFloat,10000,0.010225582,0.003247404,73.91
gzPickleV2,category,10000,0.015422583,0.008404636,7.13
gzPickleV2,float64,10000,0.031326437,0.008498383,75.69
gzPickleV2,text,10000,1.091505575,0.428699398,30.44
gzPickleV2,ones,10000,0.020226002,0.006032228,0.63
gzPickleV2,int64,10000,0.321038628,0.007986403,35.49
gzPickleV2,datetime64,10000,0.380839014,0.008479214,47.33
gzPickleV2,floatToInt,10000,0.027273989,0.007194805,30.24
gzPickleV2,roundFloat,10000,0.076345634,0.008021832,34.99
pd_msgpack_zlib,category,10000,0.004279566,0.003504801,6.78
pd_msgpack_zlib,float64,10000,0.023252201,0.004218626,75.35
pd_msgpack_zlib,text,10000,0.015236568,0.008646631,58.91
pd_msgpack_zlib,ones,10000,0.003398991,0.002121592,0.37
pd_msgpack_zlib,int64,10000,0.046506023,0.003553438,35.25
pd_msgpack_zlib,datetime64,10000,0.039566803,0.0039258,47.05
pd_msgpack_zlib,floatToInt,10000,0.019042969,0.003149605,29.9
pd_msgpack_zlib,roundFloat,10000,0.046177769,0.003579807,34.81
pd_msgpack,category,10000,0.002868414,0.00341239,10.41
pd_msgpack,float64,10000,0.007087803,0.002349186,78.43
pd_msgpack,text,10000,0.014952374,0.008605194,58.89
pd_msgpack,ones,10000,0.004296827,0.002069187,39.36
pd_msgpack,int64,10000,0.006188583,0.002336597,78.42
pd_msgpack,datetime64,10000,0.006438589,0.002353811,78.44
pd_msgpack,floatToInt,10000,0.003866196,0.002075386,39.36
pd_msgpack,roundFloat,10000,0.006249809,0.002350426,78.43
pd_Pickle,category,10000,0.004244995,0.00202179,10.76
pd_Pickle,float64,10000,0.007044029,0.00188179,78.79
pd_Pickle,text,10000,0.038283014,0.026462793,107.46
pd_Pickle,ones,10000,0.004399395,0.001667786,39.72
pd_Pickle,int64,10000,0.006493616,0.001897621,78.78
pd_Pickle,datetime64,10000,0.006334782,0.001927185,78.8
pd_Pickle,floatToInt,10000,0.005443239,0.001630831,39.73
pd_Pickle,roundFloat,10000,0.006155777,0.001886606,78.79
PickleV0,category,10000,0.014547825,0.006133604,38.43
PickleV0,float64,10000,0.052568007,0.010930586,232.34
PickleV0,text,10000,0.243911791,0.238644409,146.62
PickleV0,ones,10000,0.043153811,0.008301401,157.3
PickleV0,int64,10000,0.068062401,0.012314367,289.21
PickleV0,datetime64,10000,0.061473608,0.012120819,269.32
PickleV0,floatToInt,10000,0.031239176,0.007897615,135.36
PickleV0,roundFloat,10000,0.045222569,0.010511589,222.4
PickleV1,category,10000,0.006731796,0.004284573,10.92
PickleV1,float64,10000,0.010266209,0.003307009,78.92
PickleV1,text,10000,0.241894817,0.13596859,107.65
PickleV1,ones,10000,0.00938158,0.003124619,39.85
PickleV1,int64,10000,0.009070015,0.003298378,78.92
PickleV1,datetime64,10000,0.009215164,0.003389978,78.94
PickleV1,floatToInt,10000,0.00740099,0.003185797,39.86
PickleV1,roundFloat,10000,0.009048986,0.003302193,78.92
PickleV2,category,10000,0.006897163,0.003814793,10.82
PickleV2,float64,10000,0.009872007,0.00308218,78.84
PickleV2,text,10000,0.24241643,0.136193037,107.56
PickleV2,ones,10000,0.007562017,0.002894402,39.77
PickleV2,int64,10000,0.009448576,0.00309639,78.83
PickleV2,datetime64,10000,0.009104824,0.003200817,78.86
PickleV2,floatToInt,10000,0.007138014,0.0028862,39.78
PickleV2,roundFloat,10000,0.008981991,0.003078413,78.84
pd_hdf5_table,category,10000,0.189668989,0.09781599,243.86
pd_hdf5_table,float64,10000,0.079752588,0.037022161,213.99
pd_hdf5_table,text,10000,0.088949585,0.04138999,149.93
pd_hdf5_table,ones,10000,0.079964209,0.037811184,149.97
pd_hdf5_table,int64,10000,0.079440594,0.036943626,213.99
pd_hdf5_table,datetime64,10000,0.080366611,0.037257576,213.99
pd_hdf5_table,floatToInt,10000,0.080878973,0.037148809,149.98
pd_hdf5_table,roundFloat,10000,0.079981613,0.036967564,213.99
pd_json_split,category,10000,0.035263824,3.774314165,262.59
pd_json_split,float64,10000,0.073563576,1.867700386,315.21
pd_json_split,text,10000,0.034091616,3.771510029,223.53
pd_json_split,ones,10000,0.032373571,3.407490397,174.7
pd_json_split,int64,10000,0.045870972,3.407324028,237.02
pd_json_split,datetime64,10000,0.117086411,3.426613808,350.48
pd_json_split,floatToInt,10000,0.043488026,3.406885386,279.38
pd_json_split,roundFloat,10000,0.074171209,1.867989016,288.32
pd_csv,category,10000,0.055985403,0.026652193,96.58
pd_csv,float64,10000,0.083095026,0.03348999,195.84
pd_csv,text,10000,0.055534601,0.032963991,96.58
pd_csv,ones,10000,0.055974817,0.028570414,67.28
pd_csv,int64,10000,0.065024424,0.033889198,119.84
pd_csv,datetime64,10000,0.259351778,0.051761246,340.72
pd_csv,floatToInt,10000,0.061944628,0.033690405,113.38
pd_csv,roundFloat,10000,0.07468977,0.028199005,122.32
pd_json_index,category,10000,0.035290813,3.77570858,262.59
pd_json_index,float64,10000,0.073369026,1.870151806,315.21
pd_json_index,text,10000,0.034131002,3.779559374,223.53
pd_json_index,ones,10000,0.031236219,3.410838795,174.7
pd_json_index,int64,10000,0.045819187,3.424321604,237.02
pd_json_index,datetime64,10000,0.117783022,3.430805397,350.48
pd_json_index,floatToInt,10000,0.043661213,3.413872766,279.38
pd_json_index,roundFloat,10000,0.074337196,1.872057772,288.32
pd_hdf5_fixed,category,10000,,,
pd_hdf5_fixed,float64,10000,0.042046022,0.024876785,163.29
pd_hdf5_fixed,text,10000,0.104867411,0.0373106,1218.09
pd_hdf5_fixed,ones,10000,0.033935404,0.024870205,124.23
pd_hdf5_fixed,int64,10000,0.037777805,0.024985218,163.29
pd_hdf5_fixed,datetime64,10000,0.039254999,0.025246382,163.29
pd_hdf5_fixed,floatToInt,10000,0.034523964,0.024817038,124.23
pd_hdf5_fixed,roundFloat,10000,0.037700844,0.025537014,163.29
lzmaPickleV2,category,10000,0.129523993,0.009151602,8.39
lzmaPickleV2,float64,10000,0.550777769,0.037863636,93.19
lzmaPickleV2,text,10000,0.4705338,0.217687416,9.46
lzmaPickleV2,ones,10000,0.146224213,0.009544182,0.75
lzmaPickleV2,int64,10000,0.818779802,0.026113987,41
lzmaPickleV2,datetime64,10000,0.67104001,0.036267376,52.28
lzmaPickleV2,floatToInt,10000,0.347151613,0.018652821,34.45
lzmaPickleV2,roundFloat,10000,0.54127264,0.022750187,40.93
pd_json_records,category,50000,0.186283207,18.93308859,1356.34
pd_json_records,float64,50000,0.374603176,9.351241779,1619.47
pd_json_records,text,50000,0.188229227,18.93634877,1161.03
pd_json_records,ones,50000,0.165555573,17.08864942,916.89
pd_json_records,int64,50000,0.2379632,17.1075222,1228.57
pd_json_records,datetime64,50000,0.595075798,17.20016961,1795.79
pd_json_records,floatToInt,50000,0.226053619,17.17135181,1440.58
pd_json_records,roundFloat,50000,0.378376627,9.38249898,1484.53
cPickle,category,50000,0.043713999,0.037067795,185.73
cPickle,float64,50000,0.218930435,0.220621586,1157.47
cPickle,text,50000,0.313419199,0.295509815,771.46
cPickle,ones,50000,0.170087576,0.1468472,782.19
cPickle,int64,50000,0.296401787,0.272910833,1443.49
cPickle,datetime64,50000,0.266974211,0.255169201,1342.29
cPickle,floatToInt,50000,0.138999176,0.128314781,671.99
cPickle,roundFloat,50000,0.204509401,0.210458612,1106.31
pd_msgpack_blosc,category,50000,0.00750103,0.004751396,47
pd_msgpack_blosc,float64,50000,0.037131786,0.006424999,377.6
pd_msgpack_blosc,text,50000,0.063395405,0.036394978,293.3
pd_msgpack_blosc,ones,50000,0.004958582,0.002986002,1.17
pd_msgpack_blosc,int64,50000,0.033389616,0.008355379,269.13
pd_msgpack_blosc,datetime64,50000,0.007664204,0.004855013,16.83
pd_msgpack_blosc,floatToInt,50000,0.018230009,0.004641199,153.68
pd_msgpack_blosc,roundFloat,50000,0.034005976,0.008405018,363.77
gzPickleV2,category,50000,0.025000572,0.0097188,31.97
gzPickleV2,float64,50000,0.107898378,0.017883587,376.01
gzPickleV2,text,50000,5.781132221,2.134800625,148.1
gzPickleV2,ones,50000,0.017411995,0.007350969,0.81
gzPickleV2,int64,50000,1.682642603,0.015380812,172.46
gzPickleV2,datetime64,50000,1.088978767,0.016599989,207.15
gzPickleV2,floatToInt,50000,0.127909803,0.012322807,148.25
gzPickleV2,roundFloat,50000,0.406759405,0.015565395,168.93
pd_msgpack_zlib,category,50000,0.014759827,0.005462217,31.58
pd_msgpack_zlib,float64,50000,0.100327587,0.012328625,375.67
pd_msgpack_zlib,text,50000,0.062977839,0.036508608,293.28
pd_msgpack_zlib,ones,50000,0.00959816,0.002921391,0.52
pd_msgpack_zlib,int64,50000,0.246151209,0.009266996,172.95
pd_msgpack_zlib,datetime64,50000,0.163347769,0.010802794,207.92
pd_msgpack_zlib,floatToInt,50000,0.116212988,0.007455587,147.9
pd_msgpack_zlib,roundFloat,50000,0.252195597,0.009307384,169.54
pd_msgpack,category,50000,0.006247616,0.004268599,49.47
pd_msgpack,float64,50000,0.017642403,0.003466225,390.93
pd_msgpack,text,50000,0.066161776,0.036529589,293.27
pd_msgpack,ones,50000,0.010727978,0.002686787,195.61
pd_msgpack,int64,50000,0.017724419,0.003477573,390.92
pd_msgpack,datetime64,50000,0.015714979,0.003606176,390.94
pd_msgpack,floatToInt,50000,0.017888784,0.002705193,195.62
pd_msgpack,roundFloat,50000,0.016321039,0.0034904,390.93
pd_Pickle,category,50000,0.005625391,0.002198601,49.82
pd_Pickle,float64,50000,0.018769598,0.00313921,391.29
pd_Pickle,text,50000,0.204649019,0.125784779,537.23
pd_Pickle,ones,50000,0.010710812,0.002226591,195.97
pd_Pickle,int64,50000,0.017427826,0.003085184,391.28
pd_Pickle,datetime64,50000,0.015486574,0.003236008,391.3
pd_Pickle,floatToInt,50000,0.01069622,0.002242422,195.98
pd_Pickle,roundFloat,50000,0.016321611,0.003099394,391.29
PickleV0,category,50000,0.047060204,0.010710764,185.88
PickleV0,float64,50000,0.224818802,0.040156841,1157.58
PickleV0,text,50000,1.190981627,1.197462988,771.62
PickleV0,ones,50000,0.175564623,0.025305033,782.3
PickleV0,int64,50000,0.300418425,0.046576595,1443.6
PickleV0,datetime64,50000,0.271393585,0.045027399,1342.42
PickleV0,floatToInt,50000,0.144271612,0.024339581,672.1
PickleV0,roundFloat,50000,0.206732988,0.036556768,1106.42
PickleV1,category,50000,0.009506989,0.004236841,49.98
PickleV1,float64,50000,0.018998814,0.004340219,391.42
PickleV1,text,50000,1.21728282,0.67763381,537.42
PickleV1,ones,50000,0.014620399,0.003575802,196.1
PickleV1,int64,50000,0.020210838,0.00433917,391.42
PickleV1,datetime64,50000,0.018433571,0.004464626,391.44
PickleV1,floatToInt,50000,0.013338184,0.003612804,196.11
PickleV1,roundFloat,50000,0.018922997,0.004351616,391.42
PickleV2,category,50000,0.00881958,0.003945827,49.88
PickleV2,float64,50000,0.018609381,0.004093027,391.34
PickleV2,text,50000,1.204583979,0.674714804,537.33
PickleV2,ones,50000,0.014659214,0.00330801,196.02
PickleV2,int64,50000,0.020541191,0.004104996,391.33
PickleV2,datetime64,50000,0.018300629,0.004214001,391.36
PickleV2,floatToInt,50000,0.013276815,0.003326225,196.03
PickleV2,roundFloat,50000,0.019077158,0.004632378,391.34
pd_hdf5_table,category,50000,0.237249422,0.100390196,579.21
pd_hdf5_table,float64,50000,0.133847427,0.038564587,869.38
pd_hdf5_table,text,50000,0.177384806,0.062413168,677.29
pd_hdf5_table,ones,50000,0.131905222,0.038484812,677.33
pd_hdf5_table,int64,50000,0.133761406,0.03902216,869.38
pd_hdf5_table,datetime64,50000,0.131539202,0.039933014,869.38
pd_hdf5_table,floatToInt,50000,0.132589197,0.039111233,677.34
pd_hdf5_table,roundFloat,50000,0.131861639,0.039185619,869.38
pd_json_split,category,50000,0.188198614,19.10943899,1356.34
pd_json_split,float64,50000,0.379135799,9.425206184,1619.47
pd_json_split,text,50000,0.18115263,19.12264919,1161.03
pd_json_split,ones,50000,0.166425419,17.25373678,916.89
pd_json_split,int64,50000,0.240123367,17.29023581,1228.57
pd_json_split,datetime64,50000,0.598713636,17.33084979,1795.79
pd_json_split,floatToInt,50000,0.230079603,17.21944723,1440.58
pd_json_split,roundFloat,50000,0.382186413,9.441090393,1484.53
pd_csv,category,50000,0.270293808,0.108780241,526.27
pd_csv,float64,50000,0.407406616,0.146142387,1022.09
pd_csv,text,50000,0.271771002,0.14774518,526.27
pd_csv,ones,50000,0.274682999,0.128383589,379.78
pd_csv,int64,50000,0.319193602,0.146443176,642.64
pd_csv,datetime64,50000,1.277327204,0.245508575,1746.97
pd_csv,floatToInt,50000,0.303229427,0.144775629,610.51
pd_csv,roundFloat,50000,0.363885403,0.117163992,654.46
pd_json_index,category,50000,0.185726595,18.90917859,1356.34
pd_json_index,float64,50000,0.3768188,9.35886178,1619.47
pd_json_index,text,50000,0.180398417,18.9462636,1161.03
pd_json_index,ones,50000,0.166050196,17.13588719,916.89
pd_json_index,int64,50000,0.239421797,17.09316239,1228.57
pd_json_index,datetime64,50000,0.597346973,17.1862814,1795.79
pd_json_index,floatToInt,50000,0.227596807,17.0981524,1440.58
pd_json_index,roundFloat,50000,0.381597185,9.357940626,1484.53
pd_hdf5_fixed,category,50000,,,
pd_hdf5_fixed,float64,50000,0.069283009,0.026011229,788.29
pd_hdf5_fixed,text,50000,0.251470184,0.081711435,1960.35
pd_hdf5_fixed,ones,50000,0.055529022,0.025666618,592.98
pd_hdf5_fixed,int64,50000,0.059813404,0.02598958,788.29
pd_hdf5_fixed,datetime64,50000,0.060903788,0.026673222,788.29
pd_hdf5_fixed,floatToInt,50000,0.052519369,0.025676584,592.98
pd_hdf5_fixed,roundFloat,50000,0.059622383,0.026464224,788.29
lzmaPickleV2,category,50000,0.615862799,0.022470236,35.86
lzmaPickleV2,float64,50000,3.486275625,0.161611986,451.32
lzmaPickleV2,text,50000,2.701330805,1.081433201,30.85
lzmaPickleV2,ones,50000,0.597711229,0.029982185,0.85
lzmaPickleV2,int64,50000,4.763882971,0.111630392,189.43
lzmaPickleV2,datetime64,50000,4.198654604,0.148421383,238.67
lzmaPickleV2,floatToInt,50000,1.999501371,0.071336985,163.04
lzmaPickleV2,roundFloat,50000,3.183338976,0.092282009,188.18
pd_json_records,category,100000,0.379290819,38.09066701,2723.53
pd_json_records,float64,100000,0.774163008,18.87469358,3249.94
pd_json_records,text,100000,0.366180611,38.2279532,2332.9
pd_json_records,ones,100000,0.338580418,34.45918422,1844.62
pd_json_records,int64,100000,0.486006784,34.57639403,2468.15
pd_json_records,datetime64,100000,1.201253986,34.71306076,3602.43
pd_json_records,floatToInt,100000,0.463386202,34.50420079,2892.06
pd_json_records,roundFloat,100000,0.769394636,18.8880538,2980.2
cPickle,category,100000,0.079973984,0.071636009,369.6
cPickle,float64,100000,0.436612797,0.440528393,2315.26
cPickle,text,100000,0.661486435,0.60335784,1552.77
cPickle,ones,100000,0.337377357,0.292433596,1563.44
cPickle,int64,100000,0.587097597,0.546081591,2886.28
cPickle,datetime64,100000,0.531750584,0.50917182,2684.67
cPickle,floatToInt,100000,0.273129416,0.255410624,1343.15
cPickle,roundFloat,100000,0.401526403,0.419813967,2212.1
pd_msgpack_blosc,category,100000,0.011315823,0.006333399,95.66
pd_msgpack_blosc,float64,100000,0.065130234,0.012262392,763.99
pd_msgpack_blosc,text,100000,0.126567221,0.070787621,586.27
pd_msgpack_blosc,ones,100000,0.004919004,0.004303169,1.94
pd_msgpack_blosc,int64,100000,0.057396173,0.015821791,616.38
pd_msgpack_blosc,datetime64,100000,0.017089605,0.00813117,123.62
pd_msgpack_blosc,floatToInt,100000,0.033774185,0.007228374,333.91
pd_msgpack_blosc,roundFloat,100000,0.063911819,0.015881205,745.01
gzPickleV2,category,100000,0.037832165,0.011292028,62.93
gzPickleV2,float64,100000,0.204832363,0.029322433,751.16
gzPickleV2,text,100000,11.52873683,4.2975986,295.15
gzPickleV2,ones,100000,0.024901199,0.00889082,1
gzPickleV2,int64,100000,3.376799011,0.024419403,343.44
gzPickleV2,datetime64,100000,1.685562611,0.026619816,387.47
gzPickleV2,floatToInt,100000,0.240783787,0.018379211,295.72
gzPickleV2,roundFloat,100000,0.794184589,0.024469185,335.96
pd_msgpack_zlib,category,100000,0.025451994,0.00793581,62.63
pd_msgpack_zlib,float64,100000,0.191957235,0.022219419,750.85
pd_msgpack_zlib,text,100000,0.117517185,0.070619011,586.26
pd_msgpack_zlib,ones,100000,0.017707396,0.004028797,0.72
pd_msgpack_zlib,int64,100000,0.491010427,0.016358805,344.98
pd_msgpack_zlib,datetime64,100000,0.296197987,0.018720007,392.26
pd_msgpack_zlib,floatToInt,100000,0.234181595,0.012831211,295.39
pd_msgpack_zlib,roundFloat,100000,0.498954391,0.016324186,337.64
pd_msgpack,category,100000,0.006813383,0.005828428,98.31
pd_msgpack,float64,100000,0.034176779,0.005148554,781.56
pd_msgpack,text,100000,0.118802834,0.070577812,586.24
pd_msgpack,ones,100000,0.016280413,0.00353837,390.93
pd_msgpack,int64,100000,0.032171965,0.005137205,781.55
pd_msgpack,datetime64,100000,0.0345366,0.005409241,781.57
pd_msgpack,floatToInt,100000,0.016797161,0.003587198,390.93
pd_msgpack,roundFloat,100000,0.031851006,0.005146599,781.56
pd_Pickle,category,100000,0.006658602,0.002386236,98.66
pd_Pickle,float64,100000,0.032454395,0.00429759,781.92
pd_Pickle,text,100000,0.427693605,0.251336813,1074.44
pd_Pickle,ones,100000,0.016395187,0.002781582,391.29
pd_Pickle,int64,100000,0.032502604,0.004316378,781.91
pd_Pickle,datetime64,100000,0.031694221,0.004371166,781.93
pd_Pickle,floatToInt,100000,0.016185188,0.002761221,391.29
pd_Pickle,roundFloat,100000,0.032729626,0.004265976,781.92
PickleV0,category,100000,0.08316102,0.015903187,369.76
PickleV0,float64,100000,0.437952614,0.077735996,2315.37
PickleV0,text,100000,2.405282021,2.402790594,1552.95
PickleV0,ones,100000,0.339795208,0.047648811,1563.55
PickleV0,int64,100000,0.589696026,0.093776369,2886.39
PickleV0,datetime64,100000,0.531981993,0.08826561,2684.8
PickleV0,floatToInt,100000,0.272799397,0.045536995,1343.26
PickleV0,roundFloat,100000,0.404553986,0.071788788,2212.21
PickleV1,category,100000,0.010660839,0.004393005,98.81
PickleV1,float64,100000,0.035750437,0.005280399,782.05
PickleV1,text,100000,2.451664972,1.359336233,1074.63
PickleV1,ones,100000,0.019646406,0.003970003,391.42
PickleV1,int64,100000,0.034455776,0.005266619,782.04
PickleV1,datetime64,100000,0.035409975,0.005376387,782.07
PickleV1,floatToInt,100000,0.019236374,0.003990364,391.42
PickleV1,roundFloat,100000,0.03599658,0.005277395,782.05
PickleV2,category,100000,0.010459375,0.004066992,98.71
PickleV2,float64,100000,0.035381603,0.005035973,781.97
PickleV2,text,100000,2.459218597,1.364035368,1074.54
PickleV2,ones,100000,0.019637966,0.004047394,391.34
PickleV2,int64,100000,0.035424805,0.005096006,781.96
PickleV2,datetime64,100000,0.034886026,0.005187178,781.99
PickleV2,floatToInt,100000,0.019142389,0.003788185,391.34
PickleV2,roundFloat,100000,0.034315014,0.005069971,781.97
pd_hdf5_table,category,100000,0.302436829,0.10495801,1054.66
pd_hdf5_table,float64,100000,0.203590012,0.041081762,1664.88
pd_hdf5_table,text,100000,0.281654024,0.084702826,1280.75
pd_hdf5_table,ones,100000,0.193917227,0.040318012,1280.79
pd_hdf5_table,int64,100000,0.199860191,0.040686989,1664.87
pd_hdf5_table,datetime64,100000,0.197139025,0.042422199,1664.88
pd_hdf5_table,floatToInt,100000,0.193914604,0.039747572,1280.8
pd_hdf5_table,roundFloat,100000,0.200146198,0.040746975,1664.88
pd_json_split,category,100000,0.37587719,38.01398959,2723.53
pd_json_split,float64,100000,0.766844797,18.80999417,3249.94
pd_json_split,text,100000,0.365587187,38.12655997,2332.9
pd_json_split,ones,100000,0.338828802,34.38632441,1844.62
pd_json_split,int64,100000,0.487804604,34.4571444,2468.15
pd_json_split,datetime64,100000,1.202854633,34.5809906,3602.43
pd_json_split,floatToInt,100000,0.462200403,34.3222064,2892.06
pd_json_split,roundFloat,100000,0.76650877,18.85273538,2980.2
pd_csv,category,100000,0.534606218,0.215934181,1063.38
pd_csv,float64,100000,0.803818226,0.288140011,2055.72
pd_csv,text,100000,0.535757208,0.310964584,1063.38
pd_csv,ones,100000,0.544672632,0.267657804,770.41
pd_csv,int64,100000,0.640681601,0.293861008,1296.28
pd_csv,datetime64,100000,2.583212996,0.502440023,3504.79
pd_csv,floatToInt,100000,0.605072212,0.283357763,1231.92
pd_csv,roundFloat,100000,0.729791975,0.234973192,1320.05
pd_json_index,category,100000,0.380596828,37.9592104,2723.53
pd_json_index,float64,100000,0.759816599,18.80692697,3249.94
pd_json_index,text,100000,0.36698761,38.05248623,2332.9
pd_json_index,ones,100000,0.339051437,34.261204,1844.62
pd_json_index,int64,100000,0.486469603,34.38821478,2468.15
pd_json_index,datetime64,100000,1.210047007,34.55591483,3602.43
pd_json_index,floatToInt,100000,0.461865807,34.34888401,2892.06
pd_json_index,roundFloat,100000,0.76717701,18.81191483,2980.2
pd_hdf5_fixed,category,100000,,,
pd_hdf5_fixed,float64,100000,0.103112984,0.027234983,1569.54
pd_hdf5_fixed,text,100000,0.465158796,0.138047647,2888.19
pd_hdf5_fixed,ones,100000,0.073814011,0.026626825,1178.91
pd_hdf5_fixed,int64,100000,0.087665606,0.027318001,1569.54
pd_hdf5_fixed,datetime64,100000,0.086124229,0.02836442,1569.54
pd_hdf5_fixed,floatToInt,100000,0.075397396,0.026626396,1178.91
pd_hdf5_fixed,roundFloat,100000,0.087436199,0.028008842,1569.54
lzmaPickleV2,category,100000,1.313591194,0.037970829,69.44
lzmaPickleV2,float64,100000,7.815522003,0.316084814,894.28
lzmaPickleV2,text,100000,5.491990614,2.169027996,57.63
lzmaPickleV2,ones,100000,1.162947798,0.056767607,0.96
lzmaPickleV2,int64,100000,10.28580203,0.208058596,373.34
lzmaPickleV2,datetime64,100000,8.248685169,0.305652189,478.37
lzmaPickleV2,floatToInt,100000,4.417796421,0.136442995,321.53
lzmaPickleV2,roundFloat,100000,6.919092226,0.177986193,367.89
pd_json_records,category,500000,2.054123211,192.017357,14051.65
pd_json_records,float64,500000,3.93488903,94.83471441,16683.43
pd_json_records,text,500000,1.972789574,191.0321572,12098.53
pd_json_records,ones,500000,1.843093205,172.7213074,9657.12
pd_json_records,int64,500000,2.56991539,172.8510218,12776.63
pd_json_records,datetime64,500000,6.158830595,173.5527442,18446.18
pd_json_records,floatToInt,500000,2.582994795,173.228557,14894.95
pd_json_records,roundFloat,500000,3.981607819,95.0799624,15336.01
cPickle,category,500000,0.378536224,0.346479368,1841.95
cPickle,float64,500000,2.153843212,2.188551807,11572.62
cPickle,text,500000,3.532047987,3.069896603,8193.39
cPickle,ones,500000,1.65549221,1.446715832,7813.44
cPickle,int64,500000,2.904177618,2.710198784,14429.8
cPickle,datetime64,500000,2.630574226,2.530404615,13418.58
cPickle,floatToInt,500000,1.339700603,1.262901592,6711.97
cPickle,roundFloat,500000,1.984523392,2.082576609,11051.04
pd_msgpack_blosc,category,500000,0.041218376,0.015897179,489
pd_msgpack_blosc,float64,500000,0.219603395,0.038601637,3782.85
pd_msgpack_blosc,text,500000,0.575337791,0.308740377,2930.02
pd_msgpack_blosc,ones,500000,0.010577393,0.007131004,8.21
pd_msgpack_blosc,int64,500000,0.157714033,0.04347558,2777.07
pd_msgpack_blosc,datetime64,500000,0.044035006,0.024997187,288.19
pd_msgpack_blosc,floatToInt,500000,0.100262213,0.015324831,1777.36
pd_msgpack_blosc,roundFloat,500000,0.200585222,0.042661381,3652.18
gzPickleV2,category,500000,0.134528589,0.023236799,311.43
gzPickleV2,float64,500000,0.984352398,0.119178772,3753.26
gzPickleV2,text,500000,58.31001282,21.34260759,1471.7
gzPickleV2,ones,500000,0.084716988,0.024876785,2.52
gzPickleV2,int64,500000,16.93543081,0.092964029,1712.63
gzPickleV2,datetime64,500000,22.31734343,0.102714014,1894.7
gzPickleV2,floatToInt,500000,1.17634058,0.065390158,1475.78
gzPickleV2,roundFloat,500000,3.983367395,0.093366575,1674
pd_msgpack_zlib,category,500000,0.120637989,0.026252413,310.96
pd_msgpack_zlib,float64,500000,0.964054203,0.101541996,3752.9
pd_msgpack_zlib,text,500000,0.566919184,0.308943176,2930.01
pd_msgpack_zlib,ones,500000,0.072484398,0.011309242,2.23
pd_msgpack_zlib,int64,500000,2.458146381,0.07014761,1721.64
pd_msgpack_zlib,datetime64,500000,1.754305792,0.080559015,1833.32
pd_msgpack_zlib,floatToInt,500000,1.16631341,0.055312014,1475.4
pd_msgpack_zlib,roundFloat,500000,2.5141078,0.070238209,1684.27
pd_msgpack,category,500000,0.021120405,0.015585995,488.94
pd_msgpack,float64,500000,0.142419815,0.018725443,3906.56
pd_msgpack,text,500000,0.570567799,0.308872604,2929.99
pd_msgpack,ones,500000,0.072937822,0.010798216,1953.43
pd_msgpack,int64,500000,0.141522217,0.018819809,3906.55
pd_msgpack,datetime64,500000,0.141764593,0.018781805,3906.57
pd_msgpack,floatToInt,500000,0.075191593,0.010831785,1953.43
pd_msgpack,roundFloat,500000,0.13943181,0.018738031,3906.56
pd_Pickle,category,500000,0.020022202,0.003527594,489.28
pd_Pickle,float64,500000,0.138182163,0.013667822,3906.92
pd_Pickle,text,500000,2.25275259,1.244765425,5372.09
pd_Pickle,ones,500000,0.069534779,0.006208611,1953.79
pd_Pickle,int64,500000,0.133963203,0.013855982,3906.91
pd_Pickle,datetime64,500000,0.133550215,0.013942814,3906.93
pd_Pickle,floatToInt,500000,0.06936121,0.006113005,1953.79
pd_Pickle,roundFloat,500000,0.132270002,0.013706779,3906.92
PickleV0,category,500000,0.382166004,0.058974791,1842.1
PickleV0,float64,500000,2.156980562,0.355614567,11572.73
PickleV0,text,500000,12.08957319,11.89655442,8193.57
PickleV0,ones,500000,1.653515816,0.214193821,7813.55
PickleV0,int64,500000,2.902800608,0.435446978,14429.92
PickleV0,datetime64,500000,2.632054567,0.417600012,13418.71
PickleV0,floatToInt,500000,1.340099812,0.204170609,6712.08
PickleV0,roundFloat,500000,1.984065008,0.33486681,11051.15
PickleV1,category,500000,0.026791811,0.005217409,489.44
PickleV1,float64,500000,0.138784599,0.012186623,3907.05
PickleV1,text,500000,12.2794476,6.754940224,5372.29
PickleV1,ones,500000,0.074030399,0.006101799,1953.92
PickleV1,int64,500000,0.140608406,0.012272835,3907.04
PickleV1,datetime64,500000,0.140184212,0.012450027,3907.07
PickleV1,floatToInt,500000,0.075581169,0.006139565,1953.92
PickleV1,roundFloat,500000,0.138859987,0.012276793,3907.05
PickleV2,category,500000,0.023936796,0.00489521,489.34
PickleV2,float64,500000,0.138697577,0.011775017,3906.97
PickleV2,text,500000,12.3180624,6.76789279,5372.2
PickleV2,ones,500000,0.075122976,0.005789375,1953.84
PickleV2,int64,500000,0.14043417,0.011831617,3906.96
PickleV2,datetime64,500000,0.140145779,0.011949778,3906.99
PickleV2,floatToInt,500000,0.075531197,0.005781794,1953.84
PickleV2,roundFloat,500000,0.140325403,0.011814404,3906.97
pd_hdf5_table,category,500000,1.974514627,0.123733807,4797.55
pd_hdf5_table,float64,500000,1.938930416,0.05691762,8162.19
pd_hdf5_table,text,500000,2.343632984,0.265983009,6175.73
pd_hdf5_table,ones,500000,1.915606594,0.052242041,6175.77
pd_hdf5_table,int64,500000,1.950114441,0.058415413,8162.18
pd_hdf5_table,datetime64,500000,1.939953995,0.064349604,8162.19
pd_hdf5_table,floatToInt,500000,1.917600822,0.052309179,6175.78
pd_hdf5_table,roundFloat,500000,1.942952204,0.05680418,8162.19
pd_json_split,category,500000,2.024627781,190.8996278,14051.65
pd_json_split,float64,500000,3.975909996,94.92884183,16683.43
pd_json_split,text,500000,1.980218029,191.0342538,12098.53
pd_json_split,ones,500000,1.906377363,172.3327634,9657.12
pd_json_split,int64,500000,2.573408175,172.6006742,12776.63
pd_json_split,datetime64,500000,6.163979197,173.5555592,18446.18
pd_json_split,floatToInt,500000,2.458515978,172.928856,14894.95
pd_json_split,roundFloat,500000,3.985879421,94.81662622,15336.01
pd_csv,category,500000,2.701444578,1.042801428,5750.88
pd_csv,float64,500000,4.051028013,1.393197393,10712.26
pd_csv,text,500000,2.750223398,1.720590019,5750.88
pd_csv,ones,500000,2.699672604,1.241205597,4286.03
pd_csv,int64,500000,3.1768466,1.427335167,6917.26
pd_csv,datetime64,500000,12.7057488,2.692841816,17957.91
pd_csv,floatToInt,500000,3.023711824,1.409406996,6594.18
pd_csv,roundFloat,500000,3.651187992,1.145833206,7035.24
pd_json_index,category,500000,2.025760174,190.8573542,14051.65
pd_json_index,float64,500000,3.97924881,94.73473463,16683.43
pd_json_index,text,500000,1.982695007,191.054765,12098.53
pd_json_index,ones,500000,1.847975206,172.558379,9657.12
pd_json_index,int64,500000,2.573641014,172.713141,12776.63
pd_json_index,datetime64,500000,6.179377413,173.9165566,18446.18
pd_json_index,floatToInt,500000,2.454400778,173.1091008,14894.95
pd_json_index,roundFloat,500000,3.980989027,94.76391439,15336.01
pd_hdf5_fixed,category,500000,,,
pd_hdf5_fixed,float64,500000,0.364831591,0.035906363,7819.54
pd_hdf5_fixed,text,500000,2.225474215,0.587996006,10310.84
pd_hdf5_fixed,ones,500000,0.223124981,0.03307519,5866.41
pd_hdf5_fixed,int64,500000,0.287216616,0.035490179,7819.54
pd_hdf5_fixed,datetime64,500000,0.286422157,0.039195204,7819.54
pd_hdf5_fixed,floatToInt,500000,0.223492384,0.033157396,5866.41
pd_hdf5_fixed,roundFloat,500000,0.300198984,0.035438824,7819.54
lzmaPickleV2,category,500000,7.89460063,0.157632589,335.84
lzmaPickleV2,float64,500000,49.517799,1.519090223,4404.75
lzmaPickleV2,text,500000,38.17272401,10.8649096,373.91
lzmaPickleV2,ones,500000,5.671414995,0.254839039,1.88
lzmaPickleV2,int64,500000,60.3623064,0.96156559,1831.21
lzmaPickleV2,datetime64,500000,49.14840341,1.230969381,2043.75
lzmaPickleV2,floatToInt,500000,27.61065378,0.622204399,1560.46
lzmaPickleV2,roundFloat,500000,41.55707898,0.807280779,1766
